代码,现价,涨跌,MA5,MA10,MA20,RSI,量比,评分
920992,15.56,4.15,14.96,14.87,14.74,57.1,1.46,100
920855,16.37,4.47,15.74,15.69,15.48,64.3,1.54,100
300225,6.02,3.79,5.82,5.47,5.35,66.0,1.63,100
301479,108.88,6.17,100.55,97.16,94.97,66.4,1.91,100
002108,5.58,10.06,5.11,4.95,4.84,68.8,3.03,100
688432,15.15,3.2,14.62,14.36,14.07,68.6,1.34,100
301458,35.81,2.78,34.94,34.8,34.32,60.6,1.7,100
300235,13.8,2.37,13.35,13.27,12.9,66.4,1.29,100
301446,40.0,3.87,37.67,37.61,37.43,61.0,1.95,100
300236,87.86,4.98,84.96,81.82,78.05,69.6,1.64,100
920807,12.3,3.54,11.89,11.71,11.65,62.2,1.64,100
301421,98.53,4.39,95.49,95.19,90.29,68.2,1.7,100
920809,8.39,3.2,7.88,7.61,7.46,63.2,2.04,100
920810,11.67,3.46,11.28,11.23,11.13,65.9,1.99,100
920826,10.89,2.25,10.44,10.21,10.12,69.7,2.49,100
920832,6.84,3.01,6.66,6.6,6.58,62.6,1.39,100
300251,16.67,3.16,16.44,15.93,15.52,64.4,1.53,100
600549,62.85,1.57,59.54,58.02,56.95,59.5,1.63,100
300221,11.34,3.47,10.62,10.18,9.99,65.8,1.71,100
002725,16.55,2.8,16.25,15.99,15.5,69.6,1.46,100
002149,54.8,2.16,51.51,49.04,48.0,60.1,1.21,100
002114,8.91,1.14,8.75,8.63,8.57,57.1,1.27,100
002119,23.45,3.85,22.18,21.65,21.0,69.5,2.36,100
000561,9.98,0.1,9.88,9.71,9.63,61.6,1.27,100
002134,22.7,2.07,22.33,21.45,20.85,66.8,1.3,100
688367,39.3,2.96,37.95,37.82,36.99,69.0,1.67,100
002141,3.87,2.11,3.8,3.75,3.73,54.5,1.45,100
601933,4.11,3.53,3.94,3.83,3.81,65.9,3.2,100
600577,13.25,6.34,12.56,12.4,12.2,66.4,1.9,100
002687,5.08,3.67,4.87,4.82,4.81,57.2,3.93,100
601882,19.66,2.5,19.21,18.95,18.94,64.3,1.64,100
002692,6.6,2.33,6.58,6.31,6.01,62.8,1.48,100
002693,8.5,1.67,8.37,8.14,8.09,52.0,1.31,100
688385,71.91,3.02,69.56,68.45,67.9,58.2,1.35,100
600590,15.84,5.74,14.92,14.43,14.1,68.2,1.28,100
920839,35.54,8.82,33.52,33.16,32.4,66.3,2.38,100
603877,14.72,2.51,14.28,14.14,13.98,64.9,2.06,100
920856,13.62,4.37,13.08,13.04,12.98,63.5,1.92,100
920896,17.77,5.27,17.02,16.74,16.64,65.0,2.25,100
300809,35.71,6.76,33.88,33.31,32.91,68.2,2.95,100
300817,20.32,0.3,20.31,18.97,18.34,67.9,1.33,100
920970,7.65,1.59,7.61,7.29,7.01,61.6,1.52,100
920957,11.46,4.37,11.07,10.99,10.94,58.7,1.36,100
920953,31.34,4.08,30.05,29.47,29.28,65.2,2.24,100
920950,16.34,4.14,15.75,15.7,15.65,62.1,2.18,100
920946,10.39,2.87,10.12,10.05,9.83,64.9,1.43,100
920943,21.3,5.86,20.28,19.94,19.89,65.2,2.33,100
920857,25.5,0.95,25.2,24.99,24.71,47.6,1.48,100
920926,14.99,3.67,14.42,14.31,14.23,60.7,1.95,100
920925,17.48,3.13,17.03,16.9,16.83,59.7,1.47,100
920924,22.33,3.57,20.97,20.25,20.14,62.7,1.73,100
920914,26.26,7.18,24.84,23.82,23.4,65.8,2.53,100
920906,24.64,4.36,23.74,23.54,23.37,61.3,2.18,100
300260,49.87,1.84,49.14,48.4,47.83,58.2,1.44,100
300833,34.26,1.0,33.87,33.54,33.39,56.8,2.0,100
920885,20.93,3.97,20.04,19.53,19.31,69.0,1.72,100
301371,24.23,0.12,24.07,23.35,22.94,68.6,1.3,100
920866,7.73,2.79,7.55,7.52,7.49,58.5,1.27,100
920879,20.47,3.54,19.89,19.79,19.72,60.2,1.95,100
920876,25.23,3.91,24.19,23.78,23.6,67.4,1.69,100
603803,15.75,3.62,15.35,14.53,14.26,62.9,1.05,85
300787,12.35,0.57,12.23,11.97,11.82,64.6,1.05,85
002670,14.62,0.27,14.61,14.45,14.37,57.2,0.72,85
300798,11.95,-10.95,11.32,10.54,10.08,65.2,2.28,85
601956,6.74,0.3,6.72,6.62,6.53,61.7,0.85,85
002148,7.79,0.52,7.71,7.61,7.52,61.5,1.11,85
002144,15.48,1.18,15.19,14.93,14.67,64.1,0.89,85
301386,26.54,1.1,25.97,25.41,25.1,61.9,0.93,85
002137,8.4,0.6,8.31,8.18,8.16,56.9,0.64,85
002136,13.03,1.24,12.76,12.6,12.54,54.7,0.81,85
300815,21.46,0.47,21.14,20.95,20.79,58.1,1.17,85
301379,26.03,0.58,25.65,24.89,24.74,57.3,1.1,85
300791,21.25,-0.89,21.14,20.8,20.44,54.9,1.3,85
002130,25.62,0.2,25.43,24.64,24.21,66.4,0.86,85
603815,6.57,-1.79,6.23,6.02,6.01,62.2,2.95,85
301383,29.34,0.41,28.77,28.08,27.67,65.9,0.84,85
603836,13.01,0.31,12.9,12.86,12.85,50.4,1.0,85
002120,6.82,-2.01,6.78,6.73,6.7,51.7,1.31,85
300802,19.27,1.42,18.95,18.76,18.42,66.0,0.8,85
002115,12.57,0.56,12.38,12.23,12.09,62.2,1.08,85
603859,39.69,0.08,38.9,38.08,37.53,61.3,0.98,85
300801,26.8,0.6,26.64,26.37,26.0,52.3,0.93,85
603867,33.38,1.61,32.68,31.56,30.77,62.2,0.86,85
300786,15.0,0.67,14.92,14.77,14.53,58.5,0.91,85
300252,14.25,0.99,14.15,14.04,13.55,68.3,0.97,85
301389,58.0,0.9,57.09,54.3,52.76,62.6,0.76,85
300242,4.82,1.26,4.75,4.72,4.72,51.0,1.12,85
301487,22.63,1.39,22.21,21.3,21.09,58.1,0.84,85
301488,136.89,1.53,134.82,131.51,130.72,59.0,1.14,85
301499,34.34,-1.38,33.83,32.15,31.14,68.3,1.43,85
600539,17.07,4.92,15.95,15.2,14.27,68.0,0.89,85
300241,6.97,2.5,6.83,6.72,6.71,58.5,1.04,85
600545,4.34,3.83,4.25,4.06,3.91,67.8,1.09,85
300224,15.0,0.67,14.85,14.63,14.43,57.2,0.78,85
300223,116.79,0.59,114.77,111.69,111.18,56.9,0.92,85
300258,12.92,0.31,12.86,12.44,12.22,64.7,0.99,85
600551,8.22,0.24,8.07,8.03,7.99,61.2,0.78,85
300220,14.17,0.35,13.99,13.9,13.86,51.9,1.03,85
300219,7.81,1.43,7.68,7.53,7.43,66.4,0.85,85
300214,7.86,-2.0,7.59,7.32,7.29,57.1,1.43,85
600568,2.95,2.08,2.95,2.9,2.83,63.5,0.85,85
300259,4.88,0.41,4.8,4.66,4.65,55.5,0.85,85
600572,4.68,-5.26,4.63,4.52,4.42,63.1,2.85,85
002721,3.01,-2.9,3.01,2.93,2.9,54.4,1.8,85
600581,3.03,2.36,2.91,2.8,2.76,66.7,1.07,85
002716,12.08,0.25,12.01,11.92,11.87,54.3,0.85,85
600588,12.38,0.16,12.25,12.03,11.93,61.3,0.88,85
600592,20.24,0.6,20.2,19.91,19.84,57.8,0.96,85
002695,11.33,1.98,11.08,10.89,10.76,61.0,1.0,85
301369,168.88,-2.84,162.13,150.79,142.78,68.0,1.57,85
301469,34.25,0.26,33.81,32.96,32.12,62.9,0.79,85
002152,12.11,0.41,12.02,11.82,11.72,65.0,0.77,85
300797,15.65,0.9,15.35,15.04,14.82,67.8,1.05,85
688395,26.76,0.45,26.35,26.02,25.68,57.5,0.73,85
688409,99.13,0.01,98.47,96.19,91.83,61.5,0.98,85
688448,62.91,1.98,60.18,56.88,55.45,68.4,0.92,85
688371,21.25,0.47,20.98,20.5,19.74,63.8,0.81,85
688419,49.3,0.8,48.59,48.15,45.15,68.3,0.71,85
688377,40.3,1.51,38.98,37.98,37.45,68.3,0.71,85
688380,46.87,0.06,46.44,44.78,43.71,66.6,0.78,85
688396,49.25,0.35,48.87,48.14,46.81,62.5,1.06,85
603888,20.44,0.1,20.21,20.02,19.92,56.1,0.8,85
000546,6.83,-3.53,6.7,6.46,6.29,53.4,1.84,85
688378,37.84,0.75,37.52,36.46,35.45,61.5,1.03,85
603878,8.26,-0.12,7.85,7.64,7.59,63.9,2.24,85
002723,10.7,7.11,10.13,9.69,9.38,71.3,2.24,80
920821,25.1,15.14,22.33,21.77,20.98,76.9,4.1,80
688401,57.09,4.56,54.11,52.95,50.49,76.1,1.78,80
002132,4.54,2.71,4.33,4.16,3.97,72.4,2.48,80
603889,9.3,2.65,9.04,8.48,8.08,76.5,1.5,80
688368,153.41,4.95,146.53,140.56,131.2,79.3,1.28,80
600562,28.5,4.05,27.6,26.16,25.67,73.4,1.87,80
300821,13.93,0.51,13.85,13.48,12.4,70.6,1.29,80
002674,13.68,2.09,13.41,13.11,12.8,72.1,1.99,80
301377,225.22,3.96,219.86,211.9,197.32,71.5,1.46,80
688379,55.53,5.19,51.42,49.12,47.12,83.7,3.83,80
688375,135.05,6.43,122.62,115.06,111.12,79.2,1.58,80
600584,43.98,0.57,43.7,42.25,40.96,70.2,1.21,80
300243,17.18,8.46,15.59,14.6,14.05,74.6,1.54,80
603869,10.84,2.36,10.51,10.22,9.81,83.5,1.21,80
301387,64.39,4.21,62.15,60.29,55.56,75.4,1.61,80
920971,29.95,16.67,26.64,25.91,25.41,73.8,4.41,80
688416,90.09,6.41,83.42,78.99,77.34,75.9,1.67,80
920982,184.45,2.98,178.25,176.01,168.13,71.3,1.23,80
301372,33.26,0.85,31.69,29.68,27.85,73.1,1.53,80
300806,65.27,20.0,54.87,51.54,48.08,85.7,2.36,80
300807,56.02,2.51,53.7,52.72,51.45,73.0,1.84,80
301489,219.2,5.01,204.13,190.18,180.54,72.4,1.47,80
688381,25.19,1.04,24.23,23.16,22.14,82.5,1.47,80
920892,15.55,5.42,14.84,14.64,14.47,73.1,3.66,80
600552,15.02,10.04,13.69,13.17,12.56,79.8,2.49,80
301392,162.14,5.04,152.15,143.63,128.79,75.9,1.78,80
002124,3.08,5.12,2.92,2.64,2.5,72.7,4.03,80
603826,34.37,0.61,31.56,29.21,27.34,77.7,1.49,80
002708,14.72,6.82,13.62,13.07,12.41,75.5,3.42,80
920808,82.2,3.14,78.76,74.6,72.84,73.6,2.61,80
688403,17.59,4.21,16.47,15.77,15.05,72.3,2.02,80
920834,12.24,3.99,11.81,11.78,11.85,56.0,1.85,70
300250,21.86,-0.46,21.66,21.32,21.1,57.3,0.95,70
920837,12.89,3.2,12.46,12.37,12.4,56.1,1.49,70
300249,17.85,-1.38,17.68,16.98,16.82,59.9,0.96,70
301380,33.74,-1.14,33.51,33.31,32.76,60.0,0.78,70
920870,14.86,4.65,14.24,14.05,14.11,63.2,2.52,70
688389,12.65,-0.63,12.63,12.52,12.46,56.1,0.85,70
920833,16.11,4.68,15.32,15.16,15.42,53.8,1.87,70
002709,48.79,-0.75,48.4,46.48,45.65,57.6,1.09,70
000550,18.97,-0.84,18.9,18.65,18.15,66.2,0.76,70
002706,11.21,10.01,10.17,9.89,10.25,54.5,1.8,70
300213,7.91,-0.25,7.86,7.81,7.78,55.0,0.79,70
688391,30.85,-0.03,30.62,30.18,29.93,62.3,0.72,70
000541,5.7,0.0,5.69,5.64,5.64,52.2,1.12,70
000532,13.76,-0.29,13.73,13.58,13.52,57.3,1.01,70
300230,4.82,-0.62,4.8,4.74,4.73,51.5,0.8,70
301498,55.09,3.73,52.25,51.82,51.97,56.6,2.58,70
688420,24.71,-0.96,24.44,24.31,24.17,52.8,0.78,70
300229,18.71,-0.05,18.58,18.28,18.16,55.9,0.8,70
600536,37.69,-0.16,37.46,37.01,36.85,57.0,0.79,70
000519,17.76,-0.22,17.75,17.31,17.09,58.4,0.57,70
688439,51.14,0.24,51.12,50.29,50.42,50.9,1.25,70
301429,19.78,-0.6,19.54,19.44,19.41,50.9,0.48,70
688408,41.0,0.17,39.94,37.72,38.27,58.1,1.27,70
301395,13.72,4.57,12.99,14.09,14.83,37.0,1.67,70
600556,6.2,-0.64,6.2,6.11,6.05,54.4,0.66,70
920819,3.58,2.29,3.54,3.55,3.57,46.7,1.68,70
300217,5.59,5.08,5.29,5.2,5.22,64.1,1.97,70
688399,57.0,7.06,52.53,52.13,53.61,52.8,2.37,70
301413,123.78,-1.5,122.05,119.35,116.93,62.8,1.13,70
300244,19.1,-0.31,18.9,18.82,18.62,55.2,0.95,70
600571,13.63,-0.51,13.59,13.47,13.43,54.8,0.69,70
300245,14.06,-2.5,13.94,13.8,13.41,51.5,0.81,70
002722,14.77,-0.34,14.7,14.58,14.37,61.3,1.0,70
920871,13.59,3.11,13.23,13.21,13.52,39.0,1.21,70
601890,10.47,-0.57,10.45,10.34,10.28,56.9,0.85,70
601995,33.87,-0.15,33.65,33.09,32.87,62.9,0.93,70
603882,27.22,-0.84,27.09,26.74,26.38,62.6,0.64,70
300823,16.35,-0.55,16.2,16.16,16.08,50.7,0.55,70
601988,5.77,-0.35,5.75,5.75,5.69,62.2,0.55,70
601990,7.42,-0.13,7.41,7.35,7.32,59.8,0.62,70
000560,3.0,1.35,2.99,2.93,2.94,57.1,1.35,70
002142,31.14,-0.51,31.08,30.67,30.46,63.1,0.8,70
603855,19.76,-0.15,19.65,19.61,19.31,60.2,0.88,70
601997,5.79,0.0,5.77,5.76,5.75,54.5,0.53,70
688370,25.2,-1.72,24.86,24.75,24.13,62.1,0.95,70
603000,19.73,-0.55,19.69,19.59,19.57,51.3,0.75,70
920964,5.99,2.57,5.85,5.86,5.91,52.3,2.1,70
300810,33.5,2.98,32.73,32.03,32.1,58.7,1.66,70
603883,13.73,-0.44,13.64,13.6,13.53,54.7,0.73,70
603809,11.24,-0.09,11.09,10.85,10.72,67.5,0.86,70
603839,7.48,-1.19,7.46,7.42,7.4,48.1,0.73,70
603887,16.88,-0.76,16.53,16.12,16.08,59.4,0.7,70
920974,7.77,2.78,7.55,7.5,7.54,56.8,1.84,70
920978,28.53,8.23,26.84,26.93,26.59,59.2,1.69,70
920976,31.16,2.84,30.66,30.7,30.12,59.5,1.25,70
603823,16.16,3.32,15.43,15.33,15.38,59.6,2.35,70
002125,14.17,-0.84,13.87,13.42,13.33,55.1,1.03,70
002116,10.42,-2.16,10.41,10.34,10.27,54.0,0.95,70
920961,23.99,6.86,22.74,22.3,22.3,63.9,2.11,70
300825,9.01,-0.44,8.9,8.87,8.77,60.1,0.67,70
601966,14.21,-0.49,14.18,14.13,14.1,56.2,0.83,70
000551,14.24,-0.14,14.24,13.85,13.52,66.2,0.89,70
002690,18.19,-0.44,18.13,17.94,17.9,51.8,0.85,70
300793,14.4,0.0,14.33,14.16,14.14,54.8,0.86,70
603860,31.47,-1.13,31.45,31.33,31.01,52.3,0.58,70
002686,7.7,1.45,7.43,7.46,7.25,64.4,1.51,70
601899,34.73,-1.61,34.68,34.1,33.3,62.7,0.76,70
601900,13.34,2.38,13.12,13.14,13.07,60.0,1.63,70
300836,62.32,-0.29,62.18,58.67,56.94,65.9,0.9,70
000566,5.51,-0.54,5.45,5.4,5.4,50.7,0.78,70
300254,11.98,-1.32,11.89,11.7,11.48,58.2,0.99,70
920895,17.28,4.85,16.58,16.45,16.47,57.6,1.69,70
300830,10.94,-1.08,10.91,10.77,10.75,54.4,0.67,70
601928,9.93,1.53,9.75,9.77,9.75,61.6,1.47,70
920931,12.32,2.58,12.06,12.21,12.14,57.7,1.38,70
002673,7.36,0.0,7.35,7.27,7.26,55.2,0.65,70
920932,16.2,6.37,15.38,15.21,15.33,55.4,1.77,70
601958,19.62,0.0,19.3,19.16,18.87,58.8,0.96,70
300792,35.7,-0.28,35.33,34.99,34.52,57.6,0.83,70
920942,25.97,2.93,25.3,25.5,25.73,54.6,1.21,70
300785,51.22,-0.37,50.57,49.75,48.74,58.1,0.95,70
603829,29.22,6.14,28.03,28.27,28.12,50.1,1.53,70
000518,3.03,-3.19,3.07,2.97,2.95,56.1,2.96,65
301373,100.51,8.14,92.79,86.16,76.56,72.1,1.14,65
300811,86.7,3.14,84.37,81.76,78.74,75.1,0.85,65
300812,39.85,-5.05,40.8,40.26,37.05,62.8,1.62,65
300814,98.31,0.4,97.34,94.28,88.83,74.6,0.89,65
300788,32.8,-1.83,32.86,31.67,30.98,61.7,1.23,65
300819,52.01,2.6,51.33,47.04,43.96,77.7,1.08,65
301418,39.8,0.91,39.32,38.42,37.42,75.6,0.97,65
920873,8.13,1.88,7.97,7.66,7.23,79.6,1.12,65
301397,36.09,-2.3,35.86,33.98,31.43,75.4,1.23,65
300246,16.67,3.28,15.9,15.08,14.62,70.6,1.02,65
300835,95.9,0.95,93.16,89.49,83.37,79.6,0.73,65
301486,169.69,0.33,172.03,166.33,158.39,63.8,0.97,65
301382,40.34,-0.37,36.96,35.09,34.31,77.8,2.61,65
301449,80.0,0.24,80.73,77.75,77.71,55.5,0.67,65
002107,7.85,-3.21,7.77,7.51,6.95,70.9,1.33,65
688383,96.51,2.4,95.42,93.62,82.08,88.7,0.82,65
688398,28.0,1.45,27.7,26.04,24.97,71.2,1.05,65
603838,8.88,-1.33,8.95,8.92,8.7,62.9,3.06,65
603819,14.71,3.45,14.11,13.72,13.13,70.4,0.91,65
688369,25.17,0.32,24.63,23.78,22.7,74.8,0.64,65
002676,7.0,0.86,7.01,6.94,6.76,61.0,0.82,65
002683,42.53,0.26,42.62,40.42,39.69,58.1,0.77,65
002685,8.45,0.12,8.23,7.82,7.43,70.1,1.1,65
002689,3.8,-2.56,3.84,3.74,3.69,56.6,2.05,65
002705,17.75,-0.78,16.77,15.84,15.02,73.8,2.13,65
002707,6.6,-2.22,6.66,6.61,6.55,51.6,1.46,65
688387,17.49,0.69,16.62,15.7,15.08,73.7,1.11,65
688388,50.06,1.75,48.44,46.32,43.34,75.0,0.97,65
002718,75.66,0.49,74.34,72.81,65.76,74.6,0.77,65
688392,131.84,2.42,128.62,125.16,114.31,77.2,0.8,65
300211,8.3,-1.07,8.32,8.1,8.07,51.1,1.21,65
000529,5.67,-2.58,5.76,5.74,5.72,46.4,1.33,65
688418,47.67,0.15,46.6,43.63,41.9,70.6,1.12,65
688400,48.94,1.47,48.11,46.51,43.43,72.3,1.01,65
600563,127.34,2.94,123.98,121.71,125.69,36.2,0.86,55
601969,11.41,1.88,11.19,11.08,11.27,45.4,0.98,55
002726,3.49,-3.59,3.37,3.26,3.3,53.8,2.9,55
301456,29.86,0.84,29.42,28.77,29.12,54.9,0.64,55
601929,2.98,0.34,2.97,2.96,2.97,46.8,1.06,55
000555,15.84,-2.82,15.72,15.19,15.46,52.8,1.35,55
601963,10.65,2.01,10.48,10.29,10.44,58.9,1.11,55
002151,38.48,0.26,38.24,37.71,37.81,59.6,0.55,55
002145,4.68,1.3,4.61,4.58,4.66,42.1,0.93,55
688386,79.5,0.32,78.62,79.25,78.25,48.6,0.77,55
300822,14.19,0.35,14.09,13.95,13.98,52.9,0.81,55
002139,12.43,0.24,12.42,12.23,12.28,51.3,0.79,55
603816,31.35,2.42,30.81,32.14,32.96,33.2,1.08,55
300232,7.11,1.28,6.99,6.92,6.99,51.9,0.95,55
000564,1.9,1.06,1.89,1.87,1.9,44.2,0.94,55
603861,16.51,0.36,16.44,16.5,16.32,48.4,0.85,55
300804,50.4,-1.33,48.85,49.17,47.17,60.2,1.37,55
300796,9.08,-0.76,9.03,9.07,9.06,43.5,1.24,55
688429,15.06,1.41,14.68,14.25,14.99,43.7,0.61,55
300831,17.3,1.59,17.0,17.11,16.93,56.1,0.82,55
601872,18.55,2.6,18.36,19.15,18.27,58.9,0.74,55
601868,2.91,1.04,2.87,2.86,2.98,35.4,0.79,55
301376,16.11,-1.59,16.01,15.79,15.99,47.4,1.66,55
002715,15.73,0.9,15.41,14.93,14.98,52.3,0.69,55
600586,5.42,1.88,5.32,5.29,5.64,32.0,0.85,55
300222,11.21,0.18,11.11,10.9,10.9,51.3,0.82,55
600543,4.78,0.0,4.77,4.77,4.79,44.7,1.3,55
600580,38.81,1.2,38.37,37.48,37.76,54.3,0.78,55
600561,6.66,1.52,6.45,6.39,6.45,50.8,1.03,55
601858,21.77,1.26,21.52,21.78,22.67,34.7,0.85,55
600576,6.0,-1.96,5.96,5.87,5.94,45.6,1.3,55
600573,12.16,-1.06,12.0,12.27,12.05,52.6,1.27,55
920985,6.99,2.95,6.81,6.75,7.26,35.0,0.76,55
000567,5.34,-0.19,5.37,5.25,5.24,52.4,0.83,50
300790,30.03,-0.5,29.66,28.65,26.03,81.0,1.02,50
002111,9.97,-0.8,10.07,9.88,9.74,60.3,0.71,50
000563,3.36,-0.88,3.39,3.39,3.38,47.8,0.77,50
002122,2.97,-1.0,2.99,2.94,2.91,53.3,0.88,50
002126,49.08,-0.77,48.5,46.0,44.24,76.6,0.87,50
000514,4.8,0.0,4.84,4.75,4.74,49.5,1.11,50
002100,8.02,-3.61,8.11,7.9,7.6,65.0,1.15,50
300233,15.8,-0.19,15.68,15.34,14.75,71.6,0.95,50
002127,2.78,-1.07,2.8,2.78,2.78,47.8,0.72,50
002128,33.68,-0.36,32.68,32.11,31.07,70.9,1.0,50
000526,31.81,-1.46,32.17,31.84,31.68,51.3,0.75,50
300247,4.59,-1.29,4.61,4.59,4.57,51.1,0.88,50
002131,7.96,-1.12,8.0,7.83,7.69,54.5,0.75,50
002135,7.53,-0.66,7.6,7.32,7.01,64.4,0.46,50
002714,45.53,-1.96,45.59,44.55,44.41,51.2,0.78,50
000559,16.29,-1.51,16.34,15.87,15.62,59.2,0.98,50
000534,43.47,-0.98,43.91,41.9,40.3,59.7,1.06,50
002701,5.3,-1.85,5.37,5.26,5.17,60.0,1.14,50
002698,13.93,-0.64,13.98,13.71,13.57,65.2,1.13,50
300255,43.67,-2.63,44.49,43.3,40.67,67.1,0.75,50
002678,5.76,-2.37,5.82,5.8,5.52,57.5,0.58,50
002682,5.94,-1.66,6.02,5.97,5.96,48.0,0.69,50
002696,6.86,-0.87,6.86,6.85,6.83,47.5,0.62,50
300228,9.22,-1.39,9.38,9.31,9.28,50.2,0.88,50
300227,11.86,-1.0,12.14,12.04,11.47,61.1,0.83,50
300253,8.52,-1.05,8.52,8.46,8.43,53.5,0.86,50
000528,9.54,-1.24,9.63,9.56,9.46,55.6,0.83,50
301398,48.36,0.08,48.36,49.07,48.22,52.4,1.29,50
300800,11.73,-2.41,11.82,11.76,11.69,51.8,0.75,50
601886,9.49,-0.73,9.48,9.29,8.87,75.3,0.55,50
601921,7.97,-0.25,7.99,7.97,7.84,65.5,0.7,50
301393,57.63,-1.71,57.73,54.3,52.62,65.1,1.11,50
301396,282.68,-2.33,246.13,215.2,188.42,80.4,0.95,50
600560,14.48,-1.36,14.63,14.57,14.5,50.8,1.04,50
300803,99.54,-0.28,101.44,100.08,99.64,51.8,1.07,50
301419,45.36,-0.64,46.12,44.3,41.86,58.4,0.82,50
601901,7.04,-1.12,7.11,7.04,6.98,55.5,0.86,50
603881,40.91,-2.78,40.93,39.51,38.43,62.1,0.99,50
301448,38.67,-1.4,39.05,38.29,38.2,50.6,0.96,50
301459,38.31,-1.11,38.4,37.98,37.84,50.5,0.99,50
601949,6.28,-0.63,6.32,6.29,6.29,47.9,0.88,50
301468,53.22,-1.32,53.51,51.16,49.49,67.2,0.78,50
688376,74.37,-0.38,72.8,69.14,65.11,74.1,0.69,50
600537,4.02,-3.37,4.19,3.99,3.84,54.1,0.79,50
688428,30.8,-1.6,30.21,29.89,27.84,75.1,0.61,50
600589,11.2,-2.44,11.28,10.92,10.75,55.1,0.94,50
600587,14.24,-1.59,14.38,14.36,14.33,48.2,1.16,50
600583,7.01,-3.44,7.1,6.98,6.81,57.4,1.02,50
600579,7.95,-0.87,7.95,7.94,7.9,47.6,0.54,50
600570,26.63,-0.34,26.68,26.33,25.92,61.5,0.92,50
603876,25.1,-0.95,24.89,23.89,22.74,70.3,0.78,50
301399,24.02,-1.8,24.13,23.16,22.88,56.2,0.61,50
301381,20.68,-0.34,20.78,20.22,19.77,62.1,0.91,50
601998,8.19,-1.21,8.27,8.27,8.25,42.2,0.56,50
603811,12.03,-1.64,12.08,12.05,11.89,50.0,0.88,50
920981,32.3,8.5,30.41,30.65,29.07,71.0,1.96,50
300818,35.47,1.05,35.48,35.54,35.21,51.3,2.1,50
601999,7.94,-3.52,8.13,7.91,7.82,50.0,1.16,50
300826,16.49,-0.72,16.67,16.47,16.32,52.4,0.85,50
300828,21.62,-0.32,21.97,21.29,20.66,60.5,0.65,50
300824,10.3,-1.15,10.35,10.26,10.19,54.5,0.69,50
301370,10.43,-0.95,10.53,10.51,10.43,51.3,0.83,50
601996,2.48,-4.62,2.57,2.5,2.47,50.9,0.96,50
301378,32.16,-1.14,32.18,31.79,31.58,54.3,0.97,50
688443,31.13,-3.59,31.51,29.97,27.9,74.2,1.69,45
601918,7.5,-1.19,7.47,7.49,7.61,36.5,0.71,40
603848,15.52,-0.45,15.43,15.33,15.36,50.5,0.71,40
002724,7.04,0.0,7.03,6.98,6.98,50.0,0.62,40
600578,5.3,-0.38,5.23,5.17,5.26,39.4,0.37,40
002117,10.11,-0.49,10.06,9.87,10.05,47.7,0.92,40
000545,3.04,0.0,3.03,3.03,3.16,31.6,0.62,40
603858,16.69,-1.07,16.59,16.59,16.41,55.7,0.9,40
002712,5.2,-0.57,5.17,5.15,5.17,49.1,0.8,40
603866,5.03,-0.59,5.01,4.99,5.0,49.1,0.67,40
002153,9.76,0.0,9.69,9.62,9.8,45.3,0.75,40
688382,22.07,-2.47,21.64,21.8,20.49,60.4,0.78,40
000565,7.25,-0.28,7.23,7.24,7.27,43.2,0.68,40
002703,20.16,-0.59,19.72,19.34,19.54,57.6,1.01,40
002702,5.66,0.0,5.63,5.57,5.61,48.1,0.6,40
601965,17.35,-0.23,17.16,17.2,17.23,48.1,0.6,40
601939,9.41,-0.42,9.4,9.34,9.39,49.6,0.71,40
002105,6.32,-0.63,6.3,6.3,6.35,46.3,0.65,40
002138,35.45,-0.81,35.38,34.41,34.54,53.4,0.93,40
002677,7.7,-2.04,7.69,7.74,7.84,44.7,0.96,40
601916,3.02,0.0,3.0,2.98,3.02,37.0,0.58,40
000538,55.29,-0.41,55.26,55.46,55.39,57.5,0.88,40
688393,23.6,-0.8,23.53,23.53,23.47,50.2,0.74,40
603833,50.6,-0.33,50.55,52.09,53.08,34.4,0.84,40
300256,3.51,-1.13,3.5,3.44,3.47,48.5,0.84,40
301439,16.13,-0.92,16.05,15.81,15.85,50.7,0.81,40
300240,7.03,-1.26,7.0,6.98,6.98,48.3,0.89,40
300231,11.51,-1.46,11.05,10.76,11.33,45.7,0.7,40
301428,34.73,-2.74,34.52,33.95,34.97,44.0,0.68,40
301408,20.21,-1.85,19.26,19.34,18.23,64.6,1.09,40
301491,50.95,0.0,50.7,50.04,50.14,55.1,0.77,40
600535,14.25,-1.18,14.16,14.18,14.14,43.2,0.69,40
300248,10.49,-0.94,10.45,10.39,10.39,54.2,0.64,40
600538,6.61,-0.75,6.54,6.55,6.52,50.3,0.82,40
301388,32.19,-1.41,32.16,31.68,32.43,42.5,0.78,40
688433,81.25,-1.5,79.36,76.81,76.86,56.2,0.86,40
000530,5.98,-1.32,5.98,5.95,5.97,47.7,1.07,40
300820,46.84,-0.49,46.74,45.92,45.98,52.5,1.05,40
000510,15.03,-0.79,14.8,14.8,14.73,51.3,0.81,40
000520,4.17,-0.95,4.06,4.08,4.13,48.3,0.97,40
300805,10.58,0.0,10.42,10.27,10.44,45.7,0.73,40
600550,15.7,-1.38,15.51,15.25,15.33,51.7,0.86,40
600557,13.92,-0.71,13.85,13.88,13.78,59.2,0.63,40
300816,68.68,-0.03,67.13,69.11,66.56,63.3,0.87,40
601888,66.79,-2.48,68.33,68.55,69.8,32.4,1.94,35
603843,7.64,0.0,8.14,8.7,8.34,45.4,1.21,35
300215,8.13,-3.79,8.32,8.14,8.16,50.2,1.21,35
603813,27.4,-3.89,28.08,26.05,26.93,48.1,1.52,35
002106,10.64,0.19,10.65,10.56,10.68,42.8,0.74,35
300832,45.45,-1.92,45.93,46.4,47.86,35.2,1.28,35
000568,101.2,-1.8,102.6,103.11,103.69,40.4,1.39,35
688435,42.41,-1.56,42.77,42.78,42.93,48.0,1.6,35
300834,42.75,4.12,41.48,42.32,34.85,75.1,1.2,35
601991,3.89,0.52,3.87,3.83,4.0,21.9,0.52,35
603885,12.01,0.33,12.07,12.21,11.96,50.2,0.48,35
601908,4.4,0.69,4.44,4.42,4.55,41.3,0.46,35
601865,14.22,0.21,14.16,13.92,14.55,29.8,0.55,35
002123,9.96,-0.3,9.99,9.92,9.99,48.1,1.33,35
000558,4.47,-2.4,4.49,4.49,4.51,44.0,1.46,35
002694,2.79,-5.42,2.93,2.94,2.98,37.0,1.48,35
601877,32.52,-2.78,33.41,32.87,33.38,42.0,1.3,35
000539,5.71,2.33,5.59,5.51,6.01,25.7,0.56,35
000531,6.72,0.6,6.67,6.62,7.05,23.8,0.39,35
000536,4.26,0.24,4.27,4.27,4.3,46.1,0.81,35
300218,14.55,-2.09,15.2,15.41,15.34,34.7,1.65,35
002697,5.3,-1.67,5.35,5.38,5.41,39.3,1.25,35
688390,87.34,0.49,88.13,85.62,90.72,31.3,0.43,35
000552,2.66,-3.27,2.73,2.76,2.76,37.5,1.75,35
301391,80.2,-0.66,80.38,75.16,71.1,70.7,1.19,30
603886,13.12,-1.58,13.18,13.11,12.65,76.1,0.65,30
002713,14.37,-5.02,14.72,13.94,12.71,70.2,1.13,30
688372,152.42,-2.29,152.85,149.4,139.21,70.3,1.08,30
603863,18.34,-3.22,19.21,19.27,18.63,49.3,0.7,20
603868,31.64,-0.53,31.75,31.82,32.43,37.2,0.66,20
002112,21.42,-3.3,21.65,21.16,21.77,42.6,0.91,20
000513,33.79,-1.52,34.0,34.17,34.04,47.3,1.08,20
000544,8.19,-0.97,8.2,8.14,8.35,35.6,0.54,20
000533,15.04,-4.14,15.3,14.78,15.2,48.0,0.95,20
603856,12.7,-1.47,12.7,12.7,12.84,43.6,0.78,20
688410,15.75,-0.94,15.96,16.02,15.53,50.3,0.61,20
000517,1.93,0.0,1.96,1.94,1.95,44.8,0.82,20
000509,3.7,-0.8,3.69,3.66,3.95,29.9,0.3,20
002121,7.62,-0.13,7.7,7.64,7.94,32.9,0.71,20
002110,3.71,-1.85,3.76,3.79,3.83,38.2,1.17,20
000547,26.98,-1.53,27.13,26.82,27.2,47.9,1.14,20
002103,8.16,-1.21,8.19,8.31,8.31,44.3,0.9,20
688425,4.85,0.0,4.87,4.92,4.96,48.7,0.46,20
000554,7.92,-1.0,8.14,8.18,8.3,39.1,0.49,20
688373,6.21,-2.66,6.27,6.28,6.19,52.6,1.16,20
000525,5.77,-1.87,5.92,5.94,5.96,42.9,0.75,20
000557,4.68,0.0,4.7,4.69,4.69,48.5,0.76,20
000524,10.47,-3.06,10.65,10.71,11.16,35.0,0.93,20
000523,3.22,-0.31,3.24,3.24,3.33,30.1,0.83,20
603880,6.4,-0.93,6.43,6.51,6.75,31.4,1.09,20
603879,5.37,-1.1,5.39,5.37,5.49,40.0,0.81,20
603871,13.55,-0.73,13.58,13.48,13.77,42.9,0.6,20
000553,6.21,-1.27,6.27,6.29,6.18,41.5,0.5,20
000521,5.7,-0.35,5.71,5.72,5.92,34.4,0.46,20
688426,20.14,-1.27,20.23,20.13,20.19,49.3,0.91,20
002101,10.35,-1.43,10.75,10.89,10.94,38.3,1.18,20
002104,15.2,-0.65,15.39,15.49,15.53,43.2,0.79,20
000548,5.21,-1.7,5.22,5.25,5.32,41.7,0.64,20
000537,10.07,0.0,10.02,9.93,10.48,26.1,0.4,20
002675,14.0,-1.62,14.19,14.19,13.85,56.9,0.57,20
603828,5.87,-2.33,6.0,5.9,6.02,36.0,0.73,20
600547,38.44,-2.06,39.07,39.92,39.64,49.5,0.86,20
601860,2.67,-0.37,2.68,2.68,2.72,35.5,0.58,20
603825,8.25,-1.55,8.31,8.17,8.36,39.9,0.55,20
600594,4.5,-3.85,4.54,4.69,4.3,59.0,1.0,20
600593,36.34,-2.65,36.7,36.78,36.86,42.5,0.93,20
600585,22.22,-0.13,22.47,22.7,22.95,35.3,1.15,20
002717,1.63,-1.81,1.65,1.65,1.65,46.4,1.09,20
600582,5.71,-0.52,5.72,5.72,5.77,43.3,0.44,20
002719,8.35,-2.11,8.48,8.51,8.71,35.6,0.66,20
600569,2.16,-1.37,2.17,2.17,2.22,40.4,0.48,20
600567,1.53,-0.65,1.54,1.54,1.54,43.5,0.78,20
600566,24.9,-1.35,24.97,25.47,26.0,44.0,0.45,20
600559,13.49,-1.1,13.55,13.49,13.55,49.6,1.11,20
600558,5.41,-0.92,5.45,5.44,5.5,42.3,1.05,20
600548,9.16,-0.43,9.2,9.33,9.32,47.7,0.26,20
600546,11.66,-2.43,11.81,11.51,11.56,46.7,0.78,20
601866,2.72,-2.16,2.77,2.86,2.79,46.8,0.57,20
600540,4.75,-1.66,4.75,4.66,4.72,47.3,0.63,20
300226,25.05,-1.3,25.09,24.77,24.96,49.7,0.72,20
300234,5.81,-1.19,5.9,5.96,6.06,33.8,0.91,20
300237,2.34,-1.27,2.34,2.33,2.34,45.5,0.8,20
300238,15.0,-1.96,15.26,15.3,15.14,50.1,0.66,20
300239,5.3,-1.85,5.33,5.38,5.43,39.3,0.82,20
301390,35.29,-1.92,35.89,36.69,37.05,40.6,1.18,20
300257,29.38,-4.8,29.98,30.01,29.77,52.7,1.14,20
300827,37.65,-1.26,37.97,37.18,39.56,32.7,0.39,20
300261,6.11,-1.29,6.2,6.28,6.31,37.9,0.92,20
300789,21.13,-1.4,21.18,20.95,21.15,50.8,0.51,20
300813,26.86,-4.51,27.94,27.82,28.35,38.6,0.75,20
300808,24.81,-0.88,25.11,25.9,26.26,37.4,0.84,20
300795,11.74,-1.43,11.79,11.75,11.9,36.9,0.62,20
002700,6.58,-0.9,6.63,6.62,6.68,38.3,0.73,20
601857,11.53,-1.03,11.79,11.99,12.06,40.1,0.57,20
601869,365.89,-0.71,365.34,368.11,319.74,75.6,0.79,20
002150,30.55,-1.99,32.17,31.48,33.17,36.1,0.55,20
603822,84.43,-1.08,86.67,88.03,90.25,36.7,0.83,20
603818,3.36,-2.33,3.41,3.41,3.47,38.1,1.02,20
603817,7.08,-0.98,7.13,7.03,7.55,30.8,0.31,20
002129,8.67,-1.03,8.76,8.59,8.93,38.6,0.64,20
603810,15.52,-1.65,15.74,15.74,15.66,45.8,1.16,20
002133,3.24,-2.41,3.32,3.32,3.37,37.1,1.07,20
603808,10.2,-0.78,10.33,10.44,10.28,45.8,0.66,20
603806,17.19,-2.05,17.5,17.51,18.08,33.8,0.96,20
603801,8.9,-1.44,9.03,9.05,9.06,39.6,1.02,20
002140,12.41,-1.04,12.46,12.45,12.71,35.4,0.54,20
601992,1.74,-0.57,1.76,1.75,1.78,43.2,0.57,20
002146,1.37,-0.72,1.39,1.38,1.41,33.3,0.79,20
601975,4.32,-1.14,4.48,4.76,4.65,46.8,0.56,20
601878,9.66,-0.41,9.69,9.58,9.65,47.2,0.72,20
601968,5.1,-1.35,5.16,5.17,5.18,42.5,0.98,20
002681,5.22,-0.57,5.24,5.23,5.27,45.8,0.95,20
601952,9.73,-1.72,9.91,9.99,10.07,43.0,0.58,20
601880,1.63,0.0,1.64,1.64,1.66,36.4,0.64,20
002691,7.29,-1.62,7.36,7.33,7.5,37.0,0.75,20
601881,12.92,-0.46,12.99,12.85,13.01,39.5,0.83,20
002672,4.18,-3.46,4.3,4.31,4.54,30.1,0.93,20
002688,5.87,-0.84,5.89,5.93,5.89,49.1,0.48,20
601919,14.72,-1.34,14.99,15.07,15.19,36.5,0.77,20
601898,16.38,-2.15,16.89,17.27,17.58,36.1,0.58,20
002679,10.56,-0.85,10.58,10.64,10.72,46.3,0.57,20
002102,2.87,-1.03,2.91,2.99,3.09,27.6,0.53,0
000516,4.62,-1.7,4.69,4.77,4.89,24.8,0.57,0
600575,3.62,-1.09,3.68,3.71,3.85,20.3,0.71,0
300829,17.96,-2.5,18.34,18.51,19.35,25.9,0.7,0
688411,230.35,-1.7,234.25,227.81,246.04,25.1,0.66,0
000543,8.07,-0.74,8.12,8.08,8.3,19.4,0.5,0
002109,3.91,-1.51,4.07,4.16,4.39,28.0,0.44,0
601985,8.69,-0.8,8.72,8.73,8.91,24.7,0.71,0
300212,8.06,-2.66,8.16,8.3,9.8,26.2,0.65,0
002671,4.77,-1.24,4.79,4.76,5.06,29.4,0.65,0
000507,5.27,-0.94,5.34,5.36,5.51,28.3,0.49,0
